1;1;A;A
2;2;B;B
3;3;C;C
4;4;D;D
5;5;E;E
6;6;F;F
7;7;G;G
8;8;H;H
9;9;I;I
10;10;J;J
11;11;K;K
12;12;L;L
13;13;M;M
14;14;N;N
15;15;O;O
16;16;P;P
17;17;Q;Q
18;18;R;R
19;19;S;S
20;20;T;T
21;21;U;U
22;22;V;V
23;23;W;W
24;24;X;X
25;25;Y;Y
26;26;Z;Z
27;27;A;A
28;28;B;B
29;29;C;C
30;30;D;D
31;31;E;E
32;32;F;F
33;33;G;G
34;34;H;H
35;35;I;I
36;36;J;J
37;37;K;K
38;38;L;L
39;39;M;M
40;40;N;N
41;41;O;O
42;42;P;P
43;43;Q;Q
44;44;R;R
45;45;S;S
46;46;T;T
47;47;U;U
48;48;V;V
49;49;W;W
50;50;X;X
51;51;Y;Y
52;52;Z;Z
53;53;A;A
54;54;B;B
55;55;C;C
56;56;D;D
57;57;E;E
58;58;F;F
59;59;G;G
60;60;H;H
61;61;I;I
62;62;J;J
63;63;K;K
64;64;L;L
65;65;M;M
66;66;N;N
67;67;O;O
68;68;P;P
69;69;Q;Q
70;70;R;R
71;71;S;S
72;72;T;T
73;73;U;U
74;74;V;V
75;75;W;W
76;76;X;X
77;77;Y;Y
78;78;Z;Z
79;79;A;A
80;80;B;B
81;81;C;C
82;82;D;D
83;83;E;E
84;84;F;F
85;85;G;G
86;86;H;H
87;87;I;I
88;88;J;J
89;89;K;K
90;90;L;L
91;91;M;M
92;92;N;N
93;93;O;O
94;94;P;P
95;95;Q;Q
96;96;R;R
97;97;S;S
98;98;T;T
99;99;U;U
100;100;V;V
101;101;W;W
102;102;X;X
103;103;Y;Y
104;104;Z;Z
105;105;A;A
106;106;B;B
107;107;C;C
108;108;D;D
109;109;E;E
110;110;F;F
111;111;G;G
112;112;H;H
113;113;I;I
114;114;J;J
115;115;K;K
116;116;L;L
117;117;M;M
118;118;N;N
119;119;O;O
120;120;P;P
121;121;Q;Q
122;122;R;R
123;123;S;S
124;124;T;T
125;125;U;U
126;126;V;V
127;127;W;W
128;128;X;X
129;129;Y;Y
130;130;Z;Z
131;131;A;A
132;132;B;B
133;133;C;C
134;134;D;D
135;135;E;E
136;136;F;F
137;137;G;G
138;138;H;H
139;139;I;I
140;140;J;J
141;141;K;K
142;142;L;L
143;143;M;M
144;144;N;N
145;145;O;O
146;146;P;P
147;147;Q;Q
148;148;R;R
149;149;S;S
150;150;T;T
151;151;U;U
152;152;V;V
153;153;W;W
154;154;X;X
155;155;Y;Y
156;156;Z;Z
157;157;A;A
158;158;B;B
159;159;C;C
160;160;D;D
161;161;E;E
162;162;F;F
163;163;G;G
164;164;H;H
165;165;I;I
166;166;J;J
167;167;K;K
168;168;L;L
169;169;M;M
170;170;N;N
171;171;O;O
172;172;P;P
173;173;Q;Q
174;174;R;R
175;175;S;S
176;176;T;T
177;177;U;U
178;178;V;V
179;179;W;W
180;180;X;X
181;181;Y;Y
182;182;Z;Z
183;183;A;A
184;184;B;B
185;185;C;C
186;186;D;D
187;187;E;E
188;188;F;F
189;189;G;G
190;190;H;H
191;191;I;I
192;192;J;J
193;193;K;K
194;194;L;L
195;195;M;M
196;196;N;N
197;197;O;O
198;198;P;P
199;199;Q;Q
200;200;R;R
201;201;S;S
202;202;T;T
203;203;U;U
204;204;V;V
205;205;W;W
206;206;X;X
207;207;Y;Y
208;208;Z;Z
209;209;A;A
210;210;B;B
211;211;C;C
212;212;D;D
213;213;E;E
214;214;F;F
215;215;G;G
216;216;H;H
217;217;I;I
218;218;J;J
219;219;K;K
220;220;L;L
221;221;M;M
222;222;N;N
223;223;O;O
224;224;P;P
225;225;Q;Q
226;226;R;R
227;227;S;S
228;228;T;T
229;229;U;U
230;230;V;V
231;231;W;W
232;232;X;X
233;233;Y;Y
234;234;Z;Z
235;235;A;A
236;236;B;B
237;237;C;C
238;238;D;D
239;239;E;E
240;240;F;F
241;241;G;G
242;242;H;H
243;243;I;I
244;244;J;J
245;245;K;K
246;246;L;L
247;247;M;M
248;248;N;N
249;249;O;O
250;250;P;P
251;251;Q;Q
252;252;R;R
253;253;S;S
254;254;T;T
255;255;U;U
256;256;V;V
257;257;W;W
258;258;X;X
259;259;Y;Y
260;260;Z;Z
261;261;A;A
262;262;B;B
263;263;C;C
264;264;D;D
265;265;E;E
266;266;F;F
267;267;G;G
268;268;H;H
269;269;I;I
270;270;J;J
271;271;K;K
272;272;L;L
273;273;M;M
274;274;N;N
275;275;O;O
276;276;P;P
277;277;Q;Q
278;278;R;R
279;279;S;S
280;280;T;T
281;281;U;U
282;282;V;V
283;283;W;W
284;284;X;X
285;285;Y;Y
286;286;Z;Z
287;287;A;A
288;288;B;B
289;289;C;C
290;290;D;D
291;291;E;E
292;292;F;F
293;293;G;G
294;294;H;H
295;295;I;I
296;296;J;J
297;297;K;K
298;298;L;L
299;299;M;M
300;300;N;N
301;301;O;O
302;302;P;P
303;303;Q;Q
304;304;R;R
305;305;S;S
306;306;T;T
307;307;U;U
308;308;V;V
309;309;W;W
310;310;X;X
311;311;Y;Y
312;312;Z;Z
313;313;A;A
314;314;B;B
315;315;C;C
316;316;D;D
317;317;E;E
318;318;F;F
319;319;G;G
320;320;H;H
321;321;I;I
322;322;J;J
323;323;K;K
324;324;L;L
325;325;M;M
326;326;N;N
327;327;O;O
328;328;P;P
329;329;Q;Q
330;330;R;R
331;331;S;S
332;332;T;T
333;333;U;U
334;334;V;V
335;335;W;W
336;336;X;X
337;337;Y;Y
338;338;Z;Z
339;339;A;A
340;340;B;B
341;341;C;C
342;342;D;D
343;343;E;E
344;344;F;F
345;345;G;G
346;346;H;H
347;347;I;I
348;348;J;J
349;349;K;K
350;350;L;L
351;351;M;M
352;352;N;N
353;353;O;O
354;354;P;P
355;355;Q;Q
356;356;R;R
357;357;S;S
358;358;T;T
359;359;U;U
360;360;V;V
361;361;W;W
362;362;X;X
363;363;Y;Y
364;364;Z;Z
365;365;A;A
366;366;B;B
367;367;C;C
368;368;D;D
369;369;E;E
370;370;F;F
371;371;G;G
372;372;H;H
373;373;I;I
374;374;J;J
375;375;K;K
376;376;L;L
377;377;M;M
378;378;N;N
379;379;O;O
380;380;P;P
381;381;Q;Q
382;382;R;R
383;383;S;S
384;384;T;T
385;385;U;U
386;386;V;V
387;387;W;W
388;388;X;X
389;389;Y;Y
390;390;Z;Z
391;391;A;A
392;392;B;B
393;393;C;C
394;394;D;D
395;395;E;E
396;396;F;F
397;397;G;G
398;398;H;H
399;399;I;I
400;400;J;J
401;401;K;K
402;402;L;L
403;403;M;M
404;404;N;N
405;405;O;O
406;406;P;P
407;407;Q;Q
408;408;R;R
409;409;S;S
410;410;T;T
411;411;U;U
412;412;V;V
413;413;W;W
414;414;X;X
415;415;Y;Y
416;416;Z;Z
417;417;A;A
418;418;B;B
419;419;C;C
420;420;D;D
421;421;E;E
422;422;F;F
423;423;G;G
424;424;H;H
425;425;I;I
426;426;J;J
427;427;K;K
428;428;L;L
429;429;M;M
430;430;N;N
431;431;O;O
432;432;P;P
433;433;Q;Q
434;434;R;R
435;435;S;S
436;436;T;T
437;437;U;U
438;438;V;V
439;439;W;W
440;440;X;X
441;441;Y;Y
442;442;Z;Z
443;443;A;A
444;444;B;B
445;445;C;C
446;446;D;D
447;447;E;E
448;448;F;F
449;449;G;G
450;450;H;H
451;451;I;I
452;452;J;J
453;453;K;K
454;454;L;L
455;455;M;M
456;456;N;N
457;457;O;O
458;458;P;P
459;459;Q;Q
460;460;R;R
461;461;S;S
462;462;T;T
463;463;U;U
464;464;V;V
465;465;W;W
466;466;X;X
467;467;Y;Y
468;468;Z;Z
469;469;A;A
470;470;B;B
471;471;C;C
472;472;D;D
473;473;E;E
474;474;F;F
475;475;G;G
476;476;H;H
477;477;I;I
478;478;J;J
479;479;K;K
480;480;L;L
481;481;M;M
482;482;N;N
483;483;O;O
484;484;P;P
485;485;Q;Q
486;486;R;R
487;487;S;S
488;488;T;T
489;489;U;U
490;490;V;V
491;491;W;W
492;492;X;X
493;493;Y;Y
494;494;Z;Z
495;495;A;A
496;496;B;B
497;497;C;C
498;498;D;D
499;499;E;E
500;500;F;F
501;501;G;G
502;502;H;H
503;503;I;I
504;504;J;J
505;505;K;K
506;506;L;L
507;507;M;M
508;508;N;N
509;509;O;O
510;510;P;P
511;511;Q;Q
512;512;R;R
513;513;S;S
514;514;T;T
515;515;U;U
516;516;V;V
517;517;W;W
518;518;X;X
519;519;Y;Y
520;520;Z;Z
521;521;A;A
522;522;B;B
523;523;C;C
524;524;D;D
525;525;E;E
526;526;F;F
527;527;G;G
528;528;H;H
529;529;I;I
530;530;J;J
531;531;K;K
532;532;L;L
533;533;M;M
534;534;N;N
535;535;O;O
536;536;P;P
537;537;Q;Q
538;538;R;R
539;539;S;S
540;540;T;T
541;541;U;U
542;542;V;V
543;543;W;W
544;544;X;X
545;545;Y;Y
546;546;Z;Z
547;547;A;A
548;548;B;B
549;549;C;C
550;550;D;D
551;551;E;E
552;552;F;F
553;553;G;G
554;554;H;H
555;555;I;I
556;556;J;J
557;557;K;K
558;558;L;L
559;559;M;M
560;560;N;N
561;561;O;O
562;562;P;P
563;563;Q;Q
564;564;R;R
565;565;S;S
566;566;T;T
567;567;U;U
568;568;V;V
569;569;W;W
570;570;X;X
571;571;Y;Y
572;572;Z;Z
573;573;A;A
574;574;B;B
575;575;C;C
576;576;D;D
577;577;E;E
578;578;F;F
579;579;G;G
580;580;H;H
581;581;I;I
582;582;J;J
583;583;K;K
584;584;L;L
585;585;M;M
586;586;N;N
587;587;O;O
588;588;P;P
589;589;Q;Q
590;590;R;R
591;591;S;S
592;592;T;T
593;593;U;U
594;594;V;V
595;595;W;W
596;596;X;X
597;597;Y;Y
598;598;Z;Z
599;599;A;A
600;600;B;B
601;601;C;C
602;602;D;D
603;603;E;E
604;604;F;F
605;605;G;G
606;606;H;H
607;607;I;I
608;608;J;J
609;609;K;K
610;610;L;L
611;611;M;M
612;612;N;N
613;613;O;O
614;614;P;P
615;615;Q;Q
616;616;R;R
617;617;S;S
618;618;T;T
619;619;U;U
620;620;V;V
621;621;W;W
622;622;X;X
623;623;Y;Y
624;624;Z;Z
625;625;A;A
626;626;B;B
627;627;C;C
628;628;D;D
629;629;E;E
630;630;F;F
631;631;G;G
632;632;H;H
633;633;I;I
634;634;J;J
635;635;K;K
636;636;L;L
637;637;M;M
638;638;N;N
639;639;O;O
640;640;P;P
641;641;Q;Q
642;642;R;R
643;643;S;S
644;644;T;T
645;645;U;U
646;646;V;V
647;647;W;W
648;648;X;X
649;649;Y;Y
650;650;Z;Z
651;651;A;A
652;652;B;B
653;653;C;C
654;654;D;D
655;655;E;E
656;656;F;F
657;657;G;G
658;658;H;H
659;659;I;I
660;660;J;J
661;661;K;K
662;662;L;L
663;663;M;M
664;664;N;N
665;665;O;O
666;666;P;P
667;667;Q;Q
668;668;R;R
669;669;S;S
670;670;T;T
671;671;U;U
672;672;V;V
673;673;W;W
674;674;X;X
675;675;Y;Y
676;676;Z;Z
677;677;A;A
678;678;B;B
679;679;C;C
680;680;D;D
681;681;E;E
682;682;F;F
683;683;G;G
684;684;H;H
685;685;I;I
686;686;J;J
687;687;K;K
688;688;L;L
689;689;M;M
690;690;N;N
691;691;O;O
692;692;P;P
693;693;Q;Q
694;694;R;R
695;695;S;S
696;696;T;T
697;697;U;U
698;698;V;V
699;699;W;W
700;700;X;X
701;701;Y;Y
702;702;Z;Z
703;703;A;A
704;704;B;B
705;705;C;C
706;706;D;D
707;707;E;E
708;708;F;F
709;709;G;G
710;710;H;H
711;711;I;I
712;712;J;J
713;713;K;K
714;714;L;L
715;715;M;M
716;716;N;N
717;717;O;O
718;718;P;P
719;719;Q;Q
720;720;R;R
721;721;S;S
722;722;T;T
723;723;U;U
724;724;V;V
725;725;W;W
726;726;X;X
727;727;Y;Y
728;728;Z;Z
729;729;A;A
730;730;B;B
731;731;C;C
732;732;D;D
733;733;E;E
734;734;F;F
735;735;G;G
736;736;H;H
737;737;I;I
738;738;J;J
739;739;K;K
740;740;L;L
741;741;M;M
742;742;N;N
743;743;O;O
744;744;P;P
745;745;Q;Q
746;746;R;R
747;747;S;S
748;748;T;T
749;749;U;U
750;750;V;V
751;751;W;W
752;752;X;X
753;753;Y;Y
754;754;Z;Z
755;755;A;A
756;756;B;B
757;757;C;C
758;758;D;D
759;759;E;E
760;760;F;F
761;761;G;G
762;762;H;H
763;763;I;I
764;764;J;J
765;765;K;K
766;766;L;L
767;767;M;M
768;768;N;N
769;769;O;O
770;770;P;P
771;771;Q;Q
772;772;R;R
773;773;S;S
774;774;T;T
775;775;U;U
776;776;V;V
777;777;W;W
778;778;X;X
779;779;Y;Y
780;780;Z;Z
781;781;A;A
782;782;B;B
783;783;C;C
784;784;D;D
785;785;E;E
786;786;F;F
787;787;G;G
788;788;H;H
789;789;I;I
790;790;J;J
791;791;K;K
792;792;L;L
793;793;M;M
794;794;N;N
795;795;O;O
796;796;P;P
797;797;Q;Q
798;798;R;R
799;799;S;S
800;800;T;T
801;801;U;U
802;802;V;V
803;803;W;W
804;804;X;X
805;805;Y;Y
806;806;Z;Z
807;807;A;A
808;808;B;B
809;809;C;C
810;810;D;D
811;811;E;E
812;812;F;F
813;813;G;G
814;814;H;H
815;815;I;I
816;816;J;J
817;817;K;K
818;818;L;L
819;819;M;M
820;820;N;N
821;821;O;O
822;822;P;P
823;823;Q;Q
824;824;R;R
825;825;S;S
826;826;T;T
827;827;U;U
828;828;V;V
829;829;W;W
830;830;X;X
831;831;Y;Y
832;832;Z;Z
833;833;A;A
834;834;B;B
835;835;C;C
836;836;D;D
837;837;E;E
838;838;F;F
839;839;G;G
840;840;H;H
841;841;I;I
842;842;J;J
843;843;K;K
844;844;L;L
845;845;M;M
846;846;N;N
847;847;O;O
848;848;P;P
849;849;Q;Q
850;850;R;R
851;851;S;S
852;852;T;T
853;853;U;U
854;854;V;V
855;855;W;W
856;856;X;X
857;857;Y;Y
858;858;Z;Z
859;859;A;A
860;860;B;B
861;861;C;C
862;862;D;D
863;863;E;E
864;864;F;F
865;865;G;G
866;866;H;H
867;867;I;I
868;868;J;J
869;869;K;K
870;870;L;L
871;871;M;M
872;872;N;N
873;873;O;O
874;874;P;P
875;875;Q;Q
876;876;R;R
877;877;S;S
878;878;T;T
879;879;U;U
880;880;V;V
881;881;W;W
882;882;X;X
883;883;Y;Y
884;884;Z;Z
885;885;A;A
886;886;B;B
887;887;C;C
888;888;D;D
889;889;E;E
890;890;F;F
891;891;G;G
892;892;H;H
893;893;I;I
894;894;J;J
895;895;K;K
896;896;L;L
897;897;M;M
898;898;N;N
899;899;O;O
900;900;P;P
901;901;Q;Q
902;902;R;R
903;903;S;S
904;904;T;T
905;905;U;U
906;906;V;V
907;907;W;W
908;908;X;X
909;909;Y;Y
910;910;Z;Z
911;911;A;A
912;912;B;B
913;913;C;C
914;914;D;D
915;915;E;E
916;916;F;F
917;917;G;G
918;918;H;H
919;919;I;I
920;920;J;J
921;921;K;K
922;922;L;L
923;923;M;M
924;924;N;N
925;925;O;O
926;926;P;P
927;927;Q;Q
928;928;R;R
929;929;S;S
930;930;T;T
931;931;U;U
932;932;V;V
933;933;W;W
934;934;X;X
935;935;Y;Y
936;936;Z;Z
937;937;A;A
938;938;B;B
939;939;C;C
940;940;D;D
941;941;E;E
942;942;F;F
943;943;G;G
944;944;H;H
945;945;I;I
946;946;J;J
947;947;K;K
948;948;L;L
949;949;M;M
950;950;N;N
951;951;O;O
952;952;P;P
953;953;Q;Q
954;954;R;R
955;955;S;S
956;956;T;T
957;957;U;U
958;958;V;V
959;959;W;W
960;960;X;X
961;961;Y;Y
962;962;Z;Z
963;963;A;A
964;964;B;B
965;965;C;C
966;966;D;D
967;967;E;E
968;968;F;F
969;969;G;G
970;970;H;H
971;971;I;I
972;972;J;J
973;973;K;K
974;974;L;L
975;975;M;M
976;976;N;N
977;977;O;O
978;978;P;P
979;979;Q;Q
980;980;R;R
981;981;S;S
982;982;T;T
983;983;U;U
984;984;V;V
985;985;W;W
986;986;X;X
987;987;Y;Y
988;988;Z;Z
989;989;A;A
990;990;B;B
991;991;C;C
992;992;D;D
993;993;E;E
994;994;F;F
995;995;G;G
996;996;H;H
997;997;I;I
998;998;J;J
999;999;K;K
1000;1000;L;L
